,Open,High,Low,Close,Volume,Timestamp
1343,963.6580200195312,1003.0800170898438,958.698974609375,998.3250122070312,147775008.0,1483315199
1344,998.6170043945312,1031.3900146484375,996.7020263671876,1021.75,222184992.0,1483401599
1345,1021.5999755859376,1044.0799560546875,1021.5999755859376,1043.8399658203125,185168000.0,1483487999
1346,1044.4000244140625,1159.4200439453125,1044.4000244140625,1154.72998046875,344945984.0,1483574399
1347,1156.72998046875,1191.0999755859375,910.4169921875,1013.3800048828124,510199008.0,1483660799
1348,1014.239990234375,1046.81005859375,883.9439697265625,902.2009887695312,351876000.0,1483747199
1349,903.4869995117188,908.5850219726562,823.5560302734375,908.5850219726562,279550016.0,1483833599
1350,908.1749877929688,942.7239990234376,887.2490234375,911.198974609375,158715008.0,1483919999
1351,913.2440185546876,913.6859741210938,879.8070068359375,902.8280029296876,141876992.0,1484006399
1352,902.4400024414062,914.8729858398438,901.0599975585938,907.6790161132812,115808000.0,1484092799
1353,908.114990234375,919.447998046875,762.7650146484375,777.7570190429688,310928992.0,1484179199
1354,775.177978515625,826.2459716796875,755.7559814453125,804.833984375,222326000.0,1484265599
1355,803.7369995117188,829.0009765625,780.0029907226562,823.9840087890625,168968000.0,1484351999
1356,825.1420288085938,835.0850219726562,812.4559936523438,818.4119873046875,93063296.0,1484438399
1357,818.1420288085938,823.3070068359375,812.8709716796875,821.7979736328125,71013600.0,1484524799
1358,821.7830200195312,834.530029296875,820.27099609375,831.5339965820312,82755200.0,1484611199
1359,830.9459838867188,910.5609741210938,830.7960205078125,907.93798828125,155095008.0,1484697599
1360,909.3729858398438,917.4990234375,858.3040161132812,886.6179809570312,225676992.0,1484783999
1361,888.3350219726562,904.614013671875,884.3380126953125,899.072998046875,105625000.0,1484870399
1362,898.1719970703125,899.3980102539062,887.0079956054688,895.0260009765625,86728400.0,1484956799
1363,895.5490112304688,927.3670043945312,895.5349731445312,921.7890014648438,111158000.0,1485043199
1364,922.2050170898438,937.5250244140624,897.5640258789062,924.6729736328124,116573000.0,1485129599
1365,925.4990234375,928.2659912109376,916.7379760742188,921.0120239257812,73588600.0,1485215999
1366,910.677001953125,924.14501953125,892.2860107421875,892.68701171875,111349000.0,1485302399
1367,891.9240112304688,903.2520141601562,891.68701171875,901.5419921875,120831000.0,1485388799
1368,902.39501953125,919.3259887695312,902.2239990234376,917.5859985351562,131958000.0,1485475199
1369,918.3590087890624,923.2230224609376,915.8460083007812,919.75,125594000.0,1485561599
1370,919.8109741210938,923.9110107421876,919.8109741210938,921.5900268554688,68979600.0,1485647999
1371,922.0670166015624,923.4180297851562,919.1480102539062,919.4959716796876,60851700.0,1485734399
1372,920.1510009765624,923.0479736328124,919.4739990234376,920.3820190429688,78227296.0,1485820799
1373,920.958984375,972.0189819335938,920.958984375,970.4030151367188,164582000.0,1485907199
1374,970.9409790039062,989.114013671875,970.7420043945312,989.0230102539062,150110000.0,1485993599
1375,990.0009765625,1013.52001953125,983.2210083007812,1011.7999877929688,145820992.0,1486079999
1376,1011.4600219726562,1033.8699951171875,1008.7899780273438,1029.9100341796875,201278000.0,1486166399
1377,1031.3299560546875,1045.9000244140625,1015.1599731445312,1042.9000244140625,155064000.0,1486252799
1378,1043.52001953125,1043.6300048828125,1022.3699951171876,1027.3399658203125,114208000.0,1486339199
1379,1028.4000244140625,1044.6400146484375,1028.1600341796875,1038.1500244140625,111762000.0,1486425599
1380,1040.1400146484375,1061.9300537109375,1040.1400146484375,1061.3499755859375,146007008.0,1486511999
1381,1062.3199462890625,1078.969970703125,1037.489990234375,1063.0699462890625,201855008.0,1486598399
1382,1064.699951171875,1088.989990234375,953.343994140625,994.3829956054688,407220000.0,1486684799
1383,995.6320190429688,998.905029296875,946.6909790039062,988.6740112304688,190452000.0,1486771199
1384,988.8980102539062,1009.2899780273438,982.8300170898438,1004.4500122070312,102261000.0,1486857599
1385,1003.52001953125,1004.760009765625,996.9210205078124,999.1810302734376,67530000.0,1486943999
1386,998.885009765625,1002.0999755859376,976.0020141601562,990.6420288085938,100607000.0,1487030399
1387,991.7349853515624,1011.510009765625,986.4710083007812,1004.5499877929688,137946000.0,1487116799
1388,1006.2100219726562,1008.8400268554688,1001.5800170898438,1007.47998046875,89759400.0,1487203199
1389,1007.6500244140624,1033.3699951171875,1007.6500244140624,1027.43994140625,122277000.0,1487289599
1390,1026.1199951171875,1053.1700439453125,1025.6400146484375,1046.2099609375,136474000.0,1487375999
1391,1049.2099609375,1061.0999755859375,1046.9599609375,1054.4200439453125,99073504.0,1487462399
1392,1054.760009765625,1056.81005859375,1043.4599609375,1047.8699951171875,77423296.0,1487548799
1393,1048.68994140625,1080.489990234375,1041.68994140625,1079.97998046875,109478000.0,1487635199
1394,1079.280029296875,1117.25,1076.9300537109375,1115.300048828125,186868992.0,1487721599
1395,1114.800048828125,1125.3900146484375,1100.550048828125,1117.43994140625,136100000.0,1487807999
1396,1117.27001953125,1176.6199951171875,1116.9599609375,1166.719970703125,189454000.0,1487894399
1397,1172.7099609375,1200.3900146484375,1131.9599609375,1173.6800537109375,330759008.0,1487980799
1398,1170.4100341796875,1174.8499755859375,1124.5899658203125,1143.8399658203125,139960992.0,1488067199
1399,1144.27001953125,1167.469970703125,1130.199951171875,1165.199951171875,116486000.0,1488153599
1400,1163.780029296875,1181.97998046875,1163.3800048828125,1179.969970703125,131570000.0,1488239999
1401,1180.719970703125,1193.25,1171.8199462890625,1179.969970703125,184956000.0,1488326399
1402,1180.0400390625,1222.5,1179.68994140625,1222.5,229056992.0,1488412799
1403,1224.6800537109375,1262.1300048828125,1215.6199951171875,1251.010009765625,368275008.0,1488499199
1404,1250.7099609375,1280.31005859375,1250.7099609375,1274.989990234375,315739008.0,1488585599
1405,1277.4300537109375,1279.4000244140625,1230.510009765625,1255.1500244140625,183270000.0,1488671999
1406,1254.2900390625,1267.2900390625,1238.06005859375,1267.1199951171875,134127000.0,1488758399
1407,1267.469970703125,1276.0,1264.5999755859375,1272.8299560546875,153656992.0,1488844799
1408,1273.2099609375,1275.550048828125,1204.800048828125,1223.5400390625,291256000.0,1488931199
1409,1223.22998046875,1232.1600341796875,1148.0799560546875,1150.0,332603008.0,1489017599
1410,1150.3499755859375,1197.4599609375,1141.22998046875,1188.489990234375,212283008.0,1489103999
1411,1189.3599853515625,1270.469970703125,1077.25,1116.719970703125,563795968.0,1489190399
1412,1116.3199462890625,1193.8299560546875,1116.3199462890625,1175.8299560546875,283320000.0,1489276799
1413,1176.6199951171875,1226.97998046875,1175.3599853515625,1221.3800048828125,227176000.0,1489363199
1414,1221.780029296875,1237.3699951171875,1217.030029296875,1231.9200439453125,380276992.0,1489449599
1415,1232.1600341796875,1244.81005859375,1220.719970703125,1240.0,245306000.0,1489535999
1416,1240.1600341796875,1251.6099853515625,1239.75,1249.6099853515625,297804992.0,1489622399
1417,1251.3299560546875,1257.97998046875,1152.43994140625,1187.81005859375,638568000.0,1489708799
1418,1180.1600341796875,1180.1600341796875,1099.5699462890625,1100.22998046875,706598976.0,1489795199
1419,1099.68994140625,1114.0699462890625,957.655029296875,973.8179931640624,621302016.0,1489881599
1420,976.72998046875,1069.9100341796875,976.72998046875,1036.739990234375,406648000.0,1489967999
1421,1037.239990234375,1063.030029296875,1036.6800537109375,1054.22998046875,286529984.0,1490054399
1422,1055.3599853515625,1122.4300537109375,1055.3599853515625,1120.5400390625,337391008.0,1490140799
1423,1120.6500244140625,1120.6500244140625,1014.2100219726562,1049.1400146484375,380840992.0,1490227199
1424,1050.050048828125,1058.010009765625,1028.9300537109375,1038.5899658203125,248540000.0,1490313599
1425,1038.449951171875,1040.469970703125,934.3579711914062,937.52001953125,491038016.0,1490399999
1426,936.5399780273438,975.760986328125,903.7130126953124,972.7789916992188,435803008.0,1490486399
1427,974.0150146484376,1007.9600219726562,954.1859741210938,966.7249755859376,303668000.0,1490572799
1428,972.0549926757812,1046.4000244140625,971.9840087890624,1045.77001953125,372535008.0,1490659199
1429,1044.5799560546875,1064.6500244140625,1027.72998046875,1047.1500244140625,326332000.0,1490745599
1430,1046.0799560546875,1055.1300048828125,1015.8800048828124,1039.969970703125,298457984.0,1490831999
1431,1042.2099609375,1049.2900390625,1020.0399780273438,1026.4300537109375,352968992.0,1490918399
1432,1026.6400146484375,1074.9200439453125,1026.6400146484375,1071.7900390625,447287008.0,1491004799
1433,1071.7099609375,1091.719970703125,1061.0899658203125,1080.5,289633984.0,1491091199
1434,1080.6099853515625,1107.5899658203125,1075.449951171875,1102.1700439453125,514187008.0,1491177599
1435,1102.949951171875,1151.739990234375,1102.949951171875,1143.81005859375,580444032.0,1491263999
1436,1145.52001953125,1156.43994140625,1120.52001953125,1133.25,436310016.0,1491350399
1437,1134.1400146484375,1135.0899658203125,1113.6300048828125,1124.780029296875,414784000.0,1491436799
1438,1125.81005859375,1188.3699951171875,1125.81005859375,1182.6800537109375,511222016.0,1491523199
1439,1178.93994140625,1186.5799560546875,1163.3900146484375,1176.9000244140625,317022016.0,1491609599
1440,1172.6500244140625,1184.97998046875,1162.5799560546875,1175.949951171875,209312000.0,1491695999
1441,1176.5699462890625,1197.2099609375,1171.8599853515625,1187.8699951171875,242343008.0,1491782399
1442,1187.300048828125,1190.3399658203125,1179.0400390625,1187.1300048828125,215883008.0,1491868799
1443,1187.4599609375,1208.0699462890625,1187.4599609375,1205.010009765625,216182000.0,1491955199
1444,1204.81005859375,1207.1400146484375,1196.760009765625,1200.3699951171875,288702016.0,1492041599
1445,1201.02001953125,1205.8900146484375,1156.43994140625,1169.280029296875,351968992.0,1492127999
1446,1170.3299560546875,1190.800048828125,1159.7900390625,1167.5400390625,254827008.0,1492214399
1447,1167.300048828125,1188.0,1164.9599609375,1172.52001953125,203559008.0,1492300799
1448,1172.6099853515625,1187.219970703125,1172.6099853515625,1182.93994140625,183231008.0,1492387199
1449,1183.25,1194.9000244140625,1172.6500244140625,1193.9100341796875,253206000.0,1492473599
1450,1193.77001953125,1217.5699462890625,1193.77001953125,1211.6700439453125,270524000.0,1492559999
1451,1212.1300048828125,1215.510009765625,1205.0799560546875,1210.2900390625,288060992.0,1492646399
1452,1211.0799560546875,1240.7900390625,1208.4100341796875,1229.0799560546875,315108000.0,1492732799
1453,1229.4200439453125,1235.93994140625,1215.56005859375,1222.050048828125,272167008.0,1492819199
1454,1222.7099609375,1235.56005859375,1208.469970703125,1231.7099609375,249320000.0,1492905599
1455,1231.9200439453125,1232.199951171875,1203.93994140625,1207.2099609375,258951008.0,1492991999
1456,1209.6300048828125,1250.93994140625,1209.6300048828125,1250.1500244140625,235806000.0,1493078399
1457,1250.449951171875,1267.5799560546875,1249.969970703125,1265.489990234375,242556000.0,1493164799
1458,1265.989990234375,1294.8299560546875,1265.9300537109375,1281.0799560546875,329631008.0,1493251199
1459,1281.8800048828125,1319.699951171875,1281.300048828125,1317.72998046875,449196992.0,1493337599
1460,1317.739990234375,1331.280029296875,1292.3699951171875,1316.47998046875,527488992.0,1493423999
1461,1317.8399658203125,1327.199951171875,1315.2099609375,1321.7900390625,422705984.0,1493510399
1462,1321.8699951171875,1347.9100341796875,1314.9200439453125,1347.8900146484375,413115008.0,1493596799
1463,1348.300048828125,1434.3199462890625,1348.300048828125,1421.5999755859375,713624000.0,1493683199
1464,1421.030029296875,1473.9000244140625,1415.68994140625,1452.8199462890625,477337984.0,1493769599
1465,1453.780029296875,1492.77001953125,1447.489990234375,1490.0899658203125,583795968.0,1493855999
1466,1490.719970703125,1608.9100341796875,1490.719970703125,1537.6700439453125,933548992.0,1493942399
1467,1540.8699951171875,1618.030029296875,1530.31005859375,1555.449951171875,946035968.0,1494028799
1468,1556.81005859375,1578.800048828125,1542.5,1578.800048828125,582529984.0,1494115199
1469,1579.469970703125,1596.719970703125,1559.760009765625,1596.7099609375,1080029952.0,1494201599
1470,1596.9200439453125,1723.3499755859375,1596.9200439453125,1723.3499755859375,1340320000.0,1494287999
1471,1723.8900146484375,1833.489990234375,1716.300048828125,1755.3599853515625,1167920000.0,1494374399
1472,1756.52001953125,1788.43994140625,1719.0999755859375,1787.1300048828125,915723008.0,1494460799
1473,1780.3699951171875,1873.9300537109375,1755.3499755859375,1848.5699462890625,799489984.0,1494547199
1474,1845.760009765625,1856.1500244140625,1694.010009765625,1724.239990234375,740984000.0,1494633599
1475,1723.1199951171875,1812.989990234375,1651.0799560546875,1804.9100341796875,579635008.0,1494719999
1476,1800.8599853515625,1831.4200439453125,1776.6199951171875,1808.9100341796875,437196000.0,1494806399
1477,1808.43994140625,1812.800048828125,1708.5400390625,1738.4300537109375,731529024.0,1494892799
1478,1741.699951171875,1785.93994140625,1686.5400390625,1734.449951171875,959044992.0,1494979199
1479,1726.72998046875,1864.050048828125,1661.9100341796875,1839.0899658203125,1064729984.0,1495065599
1480,1818.699951171875,1904.47998046875,1807.1199951171875,1888.6500244140625,894321024.0,1495151999
1481,1897.3699951171875,2004.52001953125,1890.25,1987.7099609375,1157289984.0,1495238399
1482,1984.239990234375,2084.72998046875,1974.9200439453125,2084.72998046875,961336000.0,1495324799
1483,2067.030029296875,2119.080078125,2037.5,2041.199951171875,1147859968.0,1495411199
1484,2043.18994140625,2303.89990234375,2017.8699951171875,2173.39990234375,1942220032.0,1495497599
1485,2191.56005859375,2320.820068359375,2178.5,2320.419921875,1378749952.0,1495583999
1486,2321.3701171875,2523.719970703125,2321.3701171875,2443.639892578125,1725379968.0,1495670399
1487,2446.239990234375,2763.7099609375,2285.300048828125,2304.97998046875,2406700032.0,1495756799
1488,2320.889892578125,2573.7900390625,2071.989990234375,2202.419921875,1763480064.0,1495843199
1489,2196.27001953125,2260.199951171875,1855.8299560546875,2038.8699951171875,1700480000.0,1495929599
1490,2054.080078125,2267.340087890625,2054.080078125,2155.800048828125,1147139968.0,1496015999
1491,2159.429931640625,2307.050048828125,2107.169921875,2255.610107421875,994625024.0,1496102399
1492,2255.360107421875,2301.9599609375,2124.570068359375,2175.469970703125,1443970048.0,1496188799
1493,2187.18994140625,2311.080078125,2145.570068359375,2286.409912109375,1544829952.0,1496275199
1494,2288.330078125,2448.389892578125,2288.330078125,2407.8798828125,1653180032.0,1496361599
1495,2404.030029296875,2488.550048828125,2373.320068359375,2488.550048828125,1317030016.0,1496447999
1496,2493.719970703125,2581.909912109375,2423.570068359375,2515.35009765625,1514950016.0,1496534399
1497,2547.7900390625,2585.889892578125,2452.5400390625,2511.81005859375,1355120000.0,1496620799
1498,2512.39990234375,2686.81005859375,2510.219970703125,2686.81005859375,1369309952.0,1496707199
1499,2690.840087890625,2999.909912109375,2690.840087890625,2863.199951171875,2089609984.0,1496793599
1500,2869.3798828125,2869.3798828125,2700.56005859375,2732.159912109375,1517709952.0,1496879999
1501,2720.489990234375,2815.300048828125,2670.949951171875,2805.6201171875,1281170048.0,1496966399
1502,2807.43994140625,2901.7099609375,2795.6201171875,2823.81005859375,1348950016.0,1497052799
1503,2828.139892578125,2950.989990234375,2746.550048828125,2947.7099609375,2018889984.0,1497139199
1504,2942.409912109375,2996.60009765625,2840.530029296875,2958.110107421875,1752400000.0,1497225599
1505,2953.219970703125,2997.260009765625,2518.56005859375,2659.6298828125,2569530112.0,1497311999
1506,2680.909912109375,2789.0400390625,2650.3798828125,2717.02001953125,1781200000.0,1497398399
1507,2716.8798828125,2786.830078125,2412.93994140625,2506.3701171875,1696560000.0,1497484799
1508,2499.580078125,2534.7099609375,2212.9599609375,2464.580078125,2026259968.0,1497571199
1509,2469.570068359375,2539.919921875,2385.14990234375,2518.56005859375,1195190016.0,1497657599
1510,2514.010009765625,2685.18994140625,2484.9599609375,2655.8798828125,1534509952.0,1497743999
1511,2655.35009765625,2662.10009765625,2516.330078125,2548.2900390625,1178659968.0,1497830399
1512,2549.030029296875,2662.85009765625,2549.030029296875,2589.60009765625,1446840064.0,1497916799
1513,2591.260009765625,2763.449951171875,2589.820068359375,2721.7900390625,1854189952.0,1498003199
1514,2709.429931640625,2772.010009765625,2660.39990234375,2689.10009765625,1626579968.0,1498089599
1515,2691.030029296875,2723.739990234375,2642.360107421875,2705.409912109375,1097939968.0,1498175999
1516,2707.340087890625,2765.169921875,2706.3701171875,2744.909912109375,961318976.0,1498262399
1517,2738.52001953125,2757.93994140625,2583.18994140625,2608.719970703125,982750016.0,1498348799
1518,2607.25,2682.260009765625,2552.1201171875,2589.409912109375,1161100032.0,1498435199
1519,2590.570068359375,2615.25,2376.2900390625,2478.449951171875,1663280000.0,1498521599
1520,2478.449951171875,2552.449951171875,2332.989990234375,2552.449951171875,1489789952.0,1498607999
1521,2553.030029296875,2603.97998046875,2484.419921875,2574.7900390625,1183869952.0,1498694399
1522,2567.56005859375,2588.830078125,2510.47998046875,2539.320068359375,949979008.0,1498780799
1523,2539.239990234375,2559.25,2478.429931640625,2480.840087890625,860273024.0,1498867199
1524,2492.60009765625,2515.27001953125,2419.22998046875,2434.550048828125,779913984.0,1498953599
1525,2436.39990234375,2514.280029296875,2394.840087890625,2506.469970703125,803747008.0,1499039999
1526,2498.56005859375,2595.0,2480.469970703125,2564.06005859375,964112000.0,1499126399
1527,2561.0,2631.590087890625,2559.35009765625,2601.639892578125,985516032.0,1499212799
1528,2602.8701171875,2622.64990234375,2538.550048828125,2601.989990234375,941566016.0,1499299199
1529,2608.10009765625,2616.719970703125,2581.68994140625,2608.56005859375,761956992.0,1499385599
1530,2608.590087890625,2916.139892578125,2498.8701171875,2518.659912109375,917411968.0,1499471999
1531,2520.27001953125,2571.340087890625,2492.31005859375,2571.340087890625,733329984.0,1499558399
1532,2572.610107421875,2635.489990234375,2517.590087890625,2518.43994140625,527856000.0,1499644799
1533,2525.25,2537.159912109375,2321.1298828125,2372.56005859375,1111200000.0,1499731199
1534,2385.889892578125,2413.469970703125,2296.81005859375,2337.7900390625,1329760000.0,1499817599
1535,2332.77001953125,2423.7099609375,2275.139892578125,2398.840087890625,1117410048.0,1499903999
1536,2402.699951171875,2425.219970703125,2340.830078125,2357.89990234375,835769984.0,1499990399
1537,2360.590087890625,2363.25,2183.219970703125,2233.340087890625,882502976.0,1500076799
1538,2230.1201171875,2231.139892578125,1990.4100341796875,1998.8599853515625,993608000.0,1500163199
1539,1991.97998046875,2058.77001953125,1843.030029296875,1929.8199462890625,1182870016.0,1500249599
1540,1932.6199951171875,2230.489990234375,1932.6199951171875,2228.409912109375,1201760000.0,1500335999
1541,2233.52001953125,2387.610107421875,2164.77001953125,2318.8798828125,1512450048.0,1500422399
1542,2323.080078125,2397.169921875,2260.22998046875,2273.429931640625,1245100032.0,1500508799
1543,2269.889892578125,2900.699951171875,2269.889892578125,2817.60009765625,2249260032.0,1500595199
1544,2838.409912109375,2838.409912109375,2621.85009765625,2667.760009765625,1489449984.0,1500681599
1545,2668.6298828125,2862.419921875,2657.7099609375,2810.1201171875,1177129984.0,1500767999
1546,2808.10009765625,2832.179931640625,2653.93994140625,2730.39990234375,1072840000.0,1500854399
1547,2732.699951171875,2777.260009765625,2699.18994140625,2754.860107421875,866473984.0,1500940799
1548,2757.5,2768.080078125,2480.9599609375,2576.47998046875,1460089984.0,1501027199
1549,2577.77001953125,2610.760009765625,2450.800048828125,2529.449951171875,937404032.0,1501113599
1550,2538.7099609375,2693.320068359375,2529.340087890625,2671.780029296875,789104000.0,1501199999
1551,2679.72998046875,2897.449951171875,2679.72998046875,2809.010009765625,1380099968.0,1501286399
1552,2807.02001953125,2808.760009765625,2692.800048828125,2726.449951171875,803745984.0,1501372799
1553,2724.389892578125,2758.530029296875,2644.85009765625,2757.179931640625,705942976.0,1501459199
1554,2763.239990234375,2889.6201171875,2720.610107421875,2875.340087890625,860574976.0,1501545599
1555,2871.300048828125,2921.35009765625,2685.610107421875,2718.260009765625,1324669952.0,1501631999
1556,2727.1298828125,2762.530029296875,2668.590087890625,2710.669921875,1094950016.0,1501718399
1557,2709.56005859375,2813.31005859375,2685.139892578125,2804.72998046875,804796992.0,1501804799
1558,2806.929931640625,2899.330078125,2743.719970703125,2895.889892578125,1002120000.0,1501891199
1559,2897.6298828125,3290.010009765625,2874.830078125,3252.909912109375,1945699968.0,1501977599
1560,3257.610107421875,3293.2900390625,3155.60009765625,3213.93994140625,1105030016.0,1502063999
1561,3212.780029296875,3397.679931640625,3180.889892578125,3378.93994140625,1482279936.0,1502150399
1562,3370.219970703125,3484.85009765625,3345.830078125,3419.93994140625,1752760064.0,1502236799
1563,3420.39990234375,3422.760009765625,3247.669921875,3342.469970703125,1468960000.0,1502323199
1564,3341.840087890625,3453.449951171875,3319.469970703125,3381.280029296875,1515110016.0,1502409599
1565,3373.820068359375,3679.719970703125,3372.1201171875,3650.6201171875,2021190016.0,1502495999
1566,3650.6298828125,3949.919921875,3613.699951171875,3884.7099609375,2219589888.0,1502582399
1567,3880.0400390625,4208.39013671875,3857.800048828125,4073.260009765625,3159089920.0,1502668799
1568,4066.10009765625,4325.1298828125,3989.159912109375,4325.1298828125,2463089920.0,1502755199
1569,4326.990234375,4455.97021484375,3906.179931640625,4181.93017578125,3258050048.0,1502841599
1570,4200.33984375,4381.22998046875,3994.419921875,4376.6298828125,2272039936.0,1502927999
1571,4384.43994140625,4484.7001953125,4243.7099609375,4331.68994140625,2553359872.0,1503014399
1572,4324.33984375,4370.1298828125,4015.39990234375,4160.6201171875,2941710080.0,1503100799
1573,4137.75,4243.259765625,3970.550048828125,4193.7001953125,2975820032.0,1503187199
1574,4189.31005859375,4196.2900390625,4069.8798828125,4087.659912109375,2109769984.0,1503273599
1575,4090.47998046875,4109.14013671875,3988.60009765625,4001.739990234375,2800890112.0,1503359999
1576,3998.35009765625,4128.759765625,3674.580078125,4100.52001953125,3764239872.0,1503446399
1577,4089.010009765625,4255.77978515625,4078.409912109375,4151.52001953125,2369819904.0,1503532799
1578,4137.60009765625,4376.39013671875,4130.259765625,4334.68017578125,2037750016.0,1503619199
1579,4332.81982421875,4455.7001953125,4307.35009765625,4371.60009765625,1727970048.0,1503705599
1580,4372.06005859375,4379.27978515625,4269.52001953125,4352.39990234375,1511609984.0,1503791999
1581,4345.10009765625,4416.58984375,4317.2900390625,4382.8798828125,1537459968.0,1503878399
1582,4384.4501953125,4403.93017578125,4224.64013671875,4382.66015625,1959330048.0,1503964799
1583,4389.2099609375,4625.68017578125,4352.1298828125,4579.02001953125,2486080000.0,1504051199
1584,4570.35986328125,4626.52001953125,4471.41015625,4565.2998046875,1937849984.0,1504137599
1585,4555.58984375,4736.0498046875,4549.39990234375,4703.39013671875,1944930048.0,1504223999
1586,4701.759765625,4892.009765625,4678.52978515625,4892.009765625,2599079936.0,1504310399
1587,4901.419921875,4975.0400390625,4469.240234375,4578.77001953125,2722139904.0,1504396799
1588,4585.27001953125,4714.080078125,4417.58984375,4582.9599609375,1933190016.0,1504483199
1589,4591.6298828125,4591.6298828125,4108.39990234375,4236.31005859375,2987330048.0,1504569599
1590,4228.2900390625,4427.83984375,3998.110107421875,4376.52978515625,2697969920.0,1504655999
1591,4376.58984375,4617.25,4376.58984375,4597.1201171875,2172100096.0,1504742399
1592,4589.14013671875,4655.0400390625,4491.330078125,4599.8798828125,1844620032.0,1504828799
1593,4605.16015625,4661.0,4075.179931640625,4228.75,2700890112.0,1504915199
1594,4229.81005859375,4308.81982421875,4114.10986328125,4226.06005859375,1386230016.0,1505001599
1595,4229.33984375,4245.43994140625,3951.0400390625,4122.93994140625,1679090048.0,1505087999
1596,4122.47021484375,4261.669921875,4099.39990234375,4161.27001953125,1557330048.0,1505174399
1597,4168.8798828125,4344.64990234375,4085.219970703125,4130.81005859375,1864530048.0,1505260799
1598,4131.97998046875,4131.97998046875,3789.919921875,3882.590087890625,2219409920.0,1505347199
1599,3875.3701171875,3920.60009765625,3153.860107421875,3154.949951171875,2716310016.0,1505433599
1600,3166.300048828125,3733.449951171875,2946.6201171875,3637.52001953125,4148069888.0,1505519999
1601,3637.75,3808.840087890625,3487.7900390625,3625.0400390625,1818400000.0,1505606399
1602,3606.280029296875,3664.81005859375,3445.639892578125,3582.8798828125,1239149952.0,1505692799
1603,3591.090087890625,4079.22998046875,3591.090087890625,4065.199951171875,1943209984.0,1505779199
1604,4073.7900390625,4094.070068359375,3868.8701171875,3924.969970703125,1563980032.0,1505865599
1605,3916.360107421875,4031.389892578125,3857.72998046875,3905.949951171875,1213830016.0,1505951999
1606,3901.469970703125,3916.419921875,3613.6298828125,3631.0400390625,1411480064.0,1506038399
1607,3628.02001953125,3758.27001953125,3553.530029296875,3630.699951171875,1194829952.0,1506124799
1608,3629.919921875,3819.2099609375,3594.580078125,3792.39990234375,928113984.0,1506211199
1609,3796.14990234375,3796.14990234375,3666.89990234375,3682.840087890625,768014976.0,1506297599
1610,3681.580078125,3950.25,3681.580078125,3926.070068359375,1374210048.0,1506383999
1611,3928.409912109375,3969.889892578125,3869.89990234375,3892.35009765625,1043740032.0,1506470399
1612,3892.93994140625,4210.0498046875,3884.820068359375,4200.669921875,1686880000.0,1506556799
1613,4197.1298828125,4279.31005859375,4109.7001953125,4174.72998046875,1712320000.0,1506643199
1614,4171.6201171875,4214.6298828125,4039.2900390625,4163.06982421875,1367049984.0,1506729599
1615,4166.10986328125,4358.43017578125,4160.85986328125,4338.7099609375,1207449984.0,1506815999
1616,4341.0498046875,4403.740234375,4269.81005859375,4403.740234375,1208210048.0,1506902399
1617,4395.81005859375,4470.22998046875,4377.4599609375,4409.31982421875,1431730048.0,1506988799
1618,4408.4599609375,4432.47021484375,4258.89013671875,4317.47998046875,1288019968.0,1507075199
1619,4319.3701171875,4352.31005859375,4210.419921875,4229.35986328125,1116770048.0,1507161599
1620,4229.8798828125,4362.64013671875,4164.0498046875,4328.41015625,1161769984.0,1507247999
1621,4324.4599609375,4413.27001953125,4320.52978515625,4370.81005859375,1069939968.0,1507334399
1622,4369.35009765625,4443.8798828125,4321.0498046875,4426.89013671875,906928000.0,1507420799
1623,4429.669921875,4624.14013671875,4405.64013671875,4610.47998046875,1313869952.0,1507507199
1624,4614.52001953125,4878.7099609375,4564.25,4772.02001953125,1968739968.0,1507593599
1625,4776.2099609375,4922.169921875,4765.10009765625,4781.990234375,1597139968.0,1507679999
1626,4789.25,4873.72998046875,4751.6298828125,4826.47998046875,1222279936.0,1507766399
1627,4829.580078125,5446.91015625,4822.0,5446.91015625,2791610112.0,1507852799
1628,5464.16015625,5840.2998046875,5436.85009765625,5647.2099609375,3615480064.0,1507939199
1629,5643.52978515625,5837.7001953125,5591.64013671875,5831.7900390625,1669030016.0,1508025599
1630,5835.9599609375,5852.47998046875,5478.60986328125,5678.18994140625,1976039936.0,1508111999
1631,5687.56982421875,5776.22998046875,5544.2099609375,5725.58984375,2008070016.0,1508198399
1632,5741.580078125,5800.35009765625,5472.72021484375,5605.509765625,1821570048.0,1508284799
1633,5603.81982421875,5603.81982421875,5151.43994140625,5590.68994140625,2399269888.0,1508371199
1634,5583.740234375,5744.35009765625,5531.06005859375,5708.52001953125,1780540032.0,1508457599
1635,5708.10986328125,6060.10986328125,5627.22998046875,6011.4501953125,2354429952.0,1508543999
1636,5996.7900390625,6194.8798828125,5965.06982421875,6031.60009765625,2207099904.0,1508630399
1637,6036.66015625,6076.259765625,5792.33984375,6008.419921875,2034630016.0,1508716799
1638,6006.0,6075.58984375,5732.47021484375,5930.31982421875,2401840128.0,1508803199
1639,5935.52001953125,5935.52001953125,5504.18017578125,5526.64013671875,2735699968.0,1508889599
1640,5524.60009765625,5754.330078125,5397.8798828125,5750.7998046875,1966989952.0,1508975999
1641,5747.9501953125,5976.7998046875,5721.22021484375,5904.830078125,1905040000.0,1509062399
1642,5899.740234375,5988.39013671875,5728.81982421875,5780.89990234375,1710130048.0,1509148799
1643,5787.81982421875,5876.72021484375,5689.18994140625,5753.08984375,1403920000.0,1509235199
1644,5754.43994140625,6255.7099609375,5724.580078125,6153.85009765625,2859040000.0,1509321599
1645,6114.85009765625,6214.990234375,6040.85009765625,6130.52978515625,1772150016.0,1509407999
1646,6132.02001953125,6470.43017578125,6103.330078125,6468.39990234375,2311379968.0,1509494399
1647,6440.97021484375,6767.31005859375,6377.8798828125,6767.31005859375,2870320128.0,1509580799
1648,6777.77001953125,7367.330078125,6758.72021484375,7078.5,4653770240.0,1509667199
1649,7087.52978515625,7461.2900390625,7002.93994140625,7207.759765625,3369860096.0,1509753599
1650,7164.47998046875,7492.85986328125,7031.27978515625,7379.9501953125,2483800064.0,1509839999
1651,7404.52001953125,7617.47998046875,7333.18994140625,7407.41015625,2380410112.0,1509926399
1652,7403.22021484375,7445.77001953125,7007.31005859375,7022.759765625,3111899904.0,1510012799
1653,7023.10009765625,7253.31982421875,7023.10009765625,7144.3798828125,2326340096.0,1510099199
1654,7141.3798828125,7776.419921875,7114.02001953125,7459.68994140625,4602200064.0,1510185599
1655,7446.830078125,7446.830078125,7101.52001953125,7143.580078125,3226249984.0,1510271999
1656,7173.72998046875,7312.0,6436.8701171875,6618.14013671875,5208249856.0,1510358399
1657,6618.60986328125,6873.14990234375,6204.22021484375,6357.60009765625,4908680192.0,1510444799
1658,6295.4501953125,6625.0498046875,5519.009765625,5950.06982421875,8957349888.0,1510531199
1659,5938.25,6811.18994140625,5844.2900390625,6559.490234375,6263249920.0,1510617599
1660,6561.47998046875,6764.97998046875,6461.75,6635.75,3197110016.0,1510703999
1661,6634.759765625,7342.25,6634.759765625,7315.5400390625,4200880128.0,1510790399
1662,7323.240234375,7967.3798828125,7176.580078125,7871.68994140625,5123809792.0,1510876799
1663,7853.56982421875,8004.58984375,7561.08984375,7708.990234375,4651670016.0,1510963199
1664,7697.2099609375,7884.990234375,7463.43994140625,7790.14990234375,3667190016.0,1511049599
1665,7766.02978515625,8101.91015625,7694.10009765625,8036.490234375,3149319936.0,1511135999
1666,8039.06982421875,8336.8603515625,7949.35986328125,8200.6396484375,3488450048.0,1511222399
1667,8205.740234375,8348.66015625,7762.7099609375,8071.259765625,4277609984.0,1511308799
1668,8077.9501953125,8302.259765625,8075.47021484375,8253.5498046875,3633530112.0,1511395199
1669,8232.3798828125,8267.400390625,8038.77001953125,8038.77001953125,4225179904.0,1511481599
1670,8074.02001953125,8374.16015625,7940.93017578125,8253.6904296875,5058610176.0,1511567999
1671,8241.7099609375,8790.919921875,8191.14990234375,8790.919921875,4342060032.0,1511654399
1672,8789.0400390625,9522.9296875,8775.58984375,9330.5498046875,5475579904.0,1511740799
1673,9352.7197265625,9818.349609375,9352.7197265625,9818.349609375,5653320192.0,1511827199
1674,9823.4296875,10125.7001953125,9736.2998046875,10058.7998046875,6348819968.0,1511913599
1675,10077.400390625,11517.400390625,9601.0302734375,9888.6103515625,11568799744.0,1511999999
1676,9906.7900390625,10801.0,9202.0498046875,10233.599609375,8310689792.0,1512086399
1677,10198.599609375,11046.7001953125,9694.650390625,10975.599609375,6783119872.0,1512172799
1678,10978.2998046875,11320.2001953125,10905.099609375,11074.599609375,5138500096.0,1512259199
1679,11082.7001953125,11858.7001953125,10862.0,11323.2001953125,6608309760.0,1512345599
1680,11315.400390625,11657.2001953125,11081.7998046875,11657.2001953125,6132409856.0,1512431999
1681,11685.7001953125,12032.0,11604.599609375,11916.7001953125,6895260160.0,1512518399
1682,11923.400390625,14369.099609375,11923.400390625,14291.5,12656300032.0,1512604799
1683,14266.099609375,17899.69921875,14057.2998046875,17899.69921875,17950699520.0,1512691199
1684,17802.900390625,18353.400390625,14336.900390625,16569.400390625,21135998976.0,1512777599
1685,16523.30078125,16783.0,13674.900390625,15178.2001953125,13911300096.0,1512863999
1686,15168.400390625,15850.599609375,13226.599609375,15455.400390625,13433299968.0,1512950399
1687,15427.400390625,17513.900390625,15404.7998046875,16936.80078125,12153900032.0,1513036799
1688,16919.80078125,17781.80078125,16571.599609375,17415.400390625,14603799552.0,1513123199
1689,17500.0,17653.099609375,16039.7001953125,16408.19921875,12976900096.0,1513209599
1690,16384.599609375,17085.80078125,16185.900390625,16564.0,13777399808.0,1513295999
1691,16601.30078125,18154.099609375,16601.30078125,17706.900390625,14309999616.0,1513382399
1692,17760.30078125,19716.69921875,17515.30078125,19497.400390625,12740599808.0,1513468799
1693,19475.80078125,20089.0,18974.099609375,19140.80078125,13314599936.0,1513555199
1694,19106.400390625,19371.0,18355.900390625,19114.19921875,14839499776.0,1513641599
1695,19118.30078125,19177.80078125,17275.400390625,17776.69921875,16894499840.0,1513727999
1696,17760.30078125,17934.69921875,16077.7001953125,16624.599609375,22149699584.0,1513814399
1697,16642.400390625,17567.69921875,15342.7001953125,15802.900390625,16516599808.0,1513900799
1698,15898.0,15943.400390625,11833.0,13831.7998046875,22197999616.0,1513987199
1699,13948.7001953125,15603.2001953125,13828.7998046875,14699.2001953125,13086000128.0,1514073599
1700,14608.2001953125,14626.0,12747.7001953125,13925.7998046875,11572299776.0,1514159999
1701,13995.900390625,14593.0,13448.900390625,14026.599609375,10664699904.0,1514246399
1702,14036.599609375,16461.19921875,14028.900390625,16099.7998046875,13454300160.0,1514332799
1703,16163.5,16930.900390625,15114.2998046875,15838.5,12487600128.0,1514419199
1704,15864.099609375,15888.400390625,13937.2998046875,14606.5,12336499712.0,1514505599
1705,14695.7998046875,15279.0,14307.0,14656.2001953125,13025500160.0,1514591999
1706,14681.900390625,14681.900390625,12350.099609375,12952.2001953125,14452599808.0,1514678399
1707,12897.7001953125,14377.400390625,12755.599609375,14156.400390625,12136299520.0,1514764799
1708,14112.2001953125,14112.2001953125,13154.7001953125,13657.2001953125,10291200000.0,1514851199
1709,13625.0,15444.599609375,13163.599609375,14982.099609375,16846600192.0,1514937599
1710,14978.2001953125,15572.7998046875,14844.5,15201.0,16871900160.0,1515023999
1711,15270.7001953125,15739.7001953125,14522.2001953125,15599.2001953125,21783199744.0,1515110399
1712,15477.2001953125,17705.19921875,15202.7998046875,17429.5,23840899072.0,1515196799
1713,17462.099609375,17712.400390625,16764.599609375,17527.0,18314600448.0,1515283199
1714,17527.30078125,17579.599609375,16087.7001953125,16477.599609375,15866000384.0,1515369599
1715,16476.19921875,16537.900390625,14208.2001953125,15170.099609375,18413899776.0,1515455999
1716,15123.7001953125,15497.5,14424.0,14595.400390625,16659999744.0,1515542399
1717,14588.5,14973.2998046875,13691.2001953125,14973.2998046875,18500800512.0,1515628799
1718,14968.2001953125,15018.7998046875,13105.900390625,13405.7998046875,16534099968.0,1515715199
1719,13453.900390625,14229.900390625,13158.099609375,13980.599609375,12065699840.0,1515801599
1720,13952.400390625,14659.5,13952.400390625,14360.2001953125,12763599872.0,1515887999
1721,14370.7998046875,14511.7998046875,13268.0,13772.0,11084099584.0,1515974399
1722,13767.2998046875,14445.5,13641.7001953125,13819.7998046875,12750799872.0,1516060799
1723,13836.099609375,13843.099609375,10194.900390625,11490.5,18853799936.0,1516147199
1724,11431.099609375,11678.0,9402.2900390625,11188.599609375,18830600192.0,1516233599
1725,11198.7998046875,12107.2998046875,10942.5,11474.900390625,15020399616.0,1516319999
1726,11429.7998046875,11992.7998046875,11172.099609375,11607.400390625,10740400128.0,1516406399
1727,11656.2001953125,13103.0,11656.2001953125,12899.2001953125,11801700352.0,1516492799
1728,12889.2001953125,12895.900390625,11288.2001953125,11600.099609375,9935179776.0,1516579199
1729,11633.099609375,11966.400390625,10240.2001953125,10931.400390625,10537400320.0,1516665599
1730,10944.5,11377.599609375,10129.7001953125,10868.400390625,9660609536.0,1516751999
1731,10903.400390625,11501.400390625,10639.7998046875,11359.400390625,9940989952.0,1516838399
1732,11421.7001953125,11785.7001953125,11057.400390625,11259.400390625,8873169920.0,1516924799
1733,11256.0,11656.7001953125,10470.2998046875,11171.400390625,9746199552.0,1517011199
1734,11174.900390625,11614.900390625,10989.2001953125,11440.7001953125,7583269888.0,1517097599
1735,11475.2998046875,12040.2998046875,11475.2998046875,11786.2998046875,8350360064.0,1517183999
1736,11755.5,11875.599609375,11179.2001953125,11296.400390625,7107359744.0,1517270399
1737,11306.7998046875,11307.2001953125,10036.2001953125,10106.2998046875,8637859840.0,1517356799
1738,10108.2001953125,10381.599609375,9777.419921875,10221.099609375,8041160192.0,1517443199
1739,10237.2998046875,10288.7998046875,8812.2802734375,9170.5400390625,9959400448.0,1517529599
1740,9142.2802734375,9142.2802734375,7796.490234375,8830.75,12726899712.0,1517615999
1741,8852.1201171875,9430.75,8251.6298828125,9174.91015625,7263790080.0,1517702399
1742,9175.7001953125,9334.8701171875,8031.22021484375,8277.009765625,7073549824.0,1517788799
1743,8270.5400390625,8364.83984375,6756.68017578125,6955.27001953125,9285289984.0,1517875199
1744,7051.75,7850.7001953125,6048.259765625,7754.0,13999800320.0,1517961599
1745,7755.490234375,8509.1103515625,7236.7900390625,7621.2998046875,9169280000.0,1518047999
1746,7637.85986328125,8558.76953125,7637.85986328125,8265.58984375,9346750464.0,1518134399
1747,8271.83984375,8736.98046875,7884.7099609375,8736.98046875,6784820224.0,1518220799
1748,8720.080078125,9122.5498046875,8295.4697265625,8621.900390625,7780960256.0,1518307199
1749,8616.1298828125,8616.1298828125,7931.10009765625,8129.97021484375,6122189824.0,1518393599
1750,8141.43017578125,8985.919921875,8141.43017578125,8926.5703125,6256439808.0,1518479999
1751,8926.7197265625,8958.4697265625,8455.41015625,8598.3095703125,5696719872.0,1518566399
1752,8599.919921875,9518.5400390625,8599.919921875,9494.6298828125,7909819904.0,1518652799
1753,9488.3203125,10234.7998046875,9395.580078125,10166.400390625,9062540288.0,1518739199
1754,10135.7001953125,10324.099609375,9824.8203125,10233.900390625,7296159744.0,1518825599
1755,10207.5,11139.5,10149.400390625,11112.7001953125,8660880384.0,1518911999
1756,11123.400390625,11349.7998046875,10326.0,10551.7998046875,8744009728.0,1518998399
1757,10552.599609375,11273.7998046875,10513.2001953125,11225.2998046875,7652089856.0,1519084799
1758,11231.7998046875,11958.5,11231.7998046875,11403.7001953125,9926540288.0,1519171199
1759,11372.2001953125,11418.5,10479.099609375,10690.400390625,9405339648.0,1519257599
1760,10660.400390625,11039.099609375,9939.08984375,10005.0,8040079872.0,1519343999
1761,9937.0703125,10487.2998046875,9734.5595703125,10301.099609375,7739500032.0,1519430399
1762,10287.7001953125,10597.2001953125,9546.9697265625,9813.0703125,6917929984.0,1519516799
1763,9796.419921875,9923.2197265625,9407.0595703125,9664.73046875,5706939904.0,1519603199
1764,9669.4296875,10475.0,9501.73046875,10366.7001953125,7287690240.0,1519689599
1765,10393.900390625,10878.5,10246.099609375,10725.599609375,6966179840.0,1519775999
1766,10687.2001953125,11089.7998046875,10393.099609375,10397.900390625,6936189952.0,1519862399
1767,10385.0,11052.2998046875,10352.7001953125,10951.0,7317279744.0,1519948799
1768,10977.400390625,11189.0,10850.099609375,11086.400390625,7620590080.0,1520035199
1769,11101.900390625,11528.2001953125,11002.400390625,11489.7001953125,6690570240.0,1520121599
1770,11497.400390625,11512.599609375,11136.099609375,11512.599609375,6084149760.0,1520207999
1771,11532.400390625,11704.099609375,11443.900390625,11573.2998046875,6468539904.0,1520294399
1772,11500.099609375,11500.099609375,10694.2998046875,10779.900390625,6832169984.0,1520380799
1773,10803.900390625,10929.5,9692.1201171875,9965.5703125,8797910016.0,1520467199
1774,9951.4404296875,10147.400390625,9335.8701171875,9395.009765625,7186089984.0,1520553599
1775,9414.6904296875,9466.349609375,8513.0302734375,9337.5498046875,8704190464.0,1520639999
1776,9350.58984375,9531.3203125,8828.4697265625,8866.0,5386319872.0,1520726399
1777,8852.7802734375,9711.8896484375,8607.1201171875,9578.6298828125,6296370176.0,1520812799
1778,9602.9296875,9937.5,8956.4296875,9205.1201171875,6457399808.0,1520899199
1779,9173.0400390625,9470.3798828125,8958.1904296875,9194.849609375,5991139840.0,1520985599
1780,9214.650390625,9355.849609375,8068.58984375,8269.8095703125,6438230016.0,1521071999
1781,8290.759765625,8428.349609375,7783.0498046875,8300.8603515625,6834429952.0,1521158399
1782,8322.91015625,8585.150390625,8005.31005859375,8338.349609375,5289379840.0,1521244799
1783,8321.91015625,8346.5302734375,7812.81982421875,7916.8798828125,4426149888.0,1521331199
1784,7890.52001953125,8245.509765625,7397.990234375,8223.6796875,6639190016.0,1521417599
1785,8344.1201171875,8675.8701171875,8182.39990234375,8630.650390625,6729110016.0,1521503999
1786,8619.669921875,9051.01953125,8389.8896484375,8913.4697265625,6361789952.0,1521590399
1787,8937.48046875,9177.3701171875,8846.330078125,8929.2802734375,6043129856.0,1521676799
1788,8939.4404296875,9100.7099609375,8564.900390625,8728.4697265625,5530390016.0,1521763199
1789,8736.25,8879.6201171875,8360.6201171875,8879.6201171875,5954120192.0,1521849599
1790,8901.9501953125,8996.1796875,8665.7001953125,8668.1201171875,5664600064.0,1521935999
1791,8612.8095703125,8682.009765625,8449.099609375,8495.7802734375,4569880064.0,1522022399
1792,8498.4697265625,8530.080078125,7921.43017578125,8209.400390625,5921039872.0,1522108799
1793,8200.0,8232.7802734375,7797.27978515625,7833.0400390625,5378250240.0,1522195199
1794,7836.830078125,8122.89013671875,7809.169921875,7954.47998046875,4935289856.0,1522281599
1795,7979.06982421875,7994.330078125,7081.3798828125,7165.7001953125,6361229824.0,1522367999
1796,7171.4501953125,7276.66015625,6683.93017578125,6890.52001953125,6289509888.0,1522454399
1797,6892.47998046875,7207.85009765625,6863.52001953125,6973.52978515625,4553269760.0,1522540799
1798,7003.06005859375,7060.9501953125,6526.8701171875,6844.22998046875,4532100096.0,1522627199
1799,6844.85986328125,7135.47021484375,6816.580078125,7083.7998046875,4333440000.0,1522713599
1800,7102.259765625,7530.93994140625,7072.490234375,7456.10986328125,5499700224.0,1522799999
1801,7456.41015625,7469.8798828125,6803.8798828125,6853.83984375,4936000000.0,1522886399
1802,6848.64990234375,6933.81982421875,6644.7998046875,6811.47021484375,5639320064.0,1522972799
1803,6815.9599609375,6857.490234375,6575.0,6636.31982421875,3766810112.0,1523059199
1804,6630.509765625,7050.5400390625,6630.509765625,6911.08984375,3976610048.0,1523145599
1805,6919.97998046875,7111.56005859375,6919.97998046875,7023.52001953125,3652499968.0,1523231999
1806,7044.31982421875,7178.10986328125,6661.990234375,6770.72998046875,4894060032.0,1523318399
1807,6795.43994140625,6872.41015625,6704.14990234375,6834.759765625,4272750080.0,1523404799
1808,6843.47021484375,6968.31982421875,6817.58984375,6968.31982421875,4641889792.0,1523491199
1809,6955.3798828125,7899.22998046875,6806.509765625,7889.25,8906250240.0,1523577599
1810,7901.08984375,8183.9599609375,7758.93017578125,7895.9599609375,7764460032.0,1523663999
1811,7874.669921875,8140.7099609375,7846.0,7986.240234375,5191430144.0,1523750399
1812,7999.330078125,8338.419921875,7999.330078125,8329.1103515625,5244480000.0,1523836799
1813,8337.5703125,8371.150390625,7925.72998046875,8058.669921875,5631309824.0,1523923199
1814,8071.66015625,8285.9599609375,7881.72021484375,7902.08984375,6900879872.0,1524009599
1815,7944.43017578125,8197.7998046875,7886.009765625,8163.419921875,6529909760.0,1524095999
1816,8159.27001953125,8298.6904296875,8138.77978515625,8294.3095703125,7063209984.0,1524182399
1817,8286.8798828125,8880.23046875,8244.5400390625,8845.830078125,8438110208.0,1524268799
1818,8848.7900390625,8997.5703125,8652.150390625,8895.580078125,7548550144.0,1524355199
1819,8925.0595703125,9001.6396484375,8779.6103515625,8802.4599609375,6629899776.0,1524441599
1820,8794.3896484375,8958.5498046875,8788.8095703125,8930.8798828125,6925190144.0,1524527999
1821,8934.33984375,9732.6103515625,8927.830078125,9697.5,10678800384.0,1524614399
1822,9701.0302734375,9745.3203125,8799.83984375,8845.740234375,11083100160.0,1524700799
1823,8867.3203125,9281.509765625,8727.08984375,9281.509765625,8970559488.0,1524787199
1824,9290.6298828125,9375.4697265625,8987.0498046875,8987.0498046875,7566289920.0,1524873599
1825,8939.26953125,9412.08984375,8931.990234375,9348.48046875,7805479936.0,1524959999
1826,9346.41015625,9531.490234375,9193.7099609375,9419.080078125,8853000192.0,1525046399
1827,9426.1103515625,9477.1396484375,9166.8095703125,9240.5498046875,8673920000.0,1525132799
1828,9251.4697265625,9255.8798828125,8891.0498046875,9119.009765625,7713019904.0,1525219199
1829,9104.599609375,9256.51953125,9015.1396484375,9235.919921875,7558159872.0,1525305599
1830,9233.9697265625,9798.330078125,9188.150390625,9743.8603515625,10207299584.0,1525391999
1831,9695.5,9779.2001953125,9585.9599609375,9700.759765625,8217829888.0,1525478399
1832,9700.2802734375,9964.5,9695.1201171875,9858.150390625,7651939840.0,1525564799
1833,9845.3095703125,9940.1396484375,9465.25,9654.7998046875,7222280192.0,1525651199
1834,9645.669921875,9665.849609375,9231.5302734375,9373.009765625,7394019840.0,1525737599
1835,9380.8701171875,9462.75,9127.76953125,9234.8203125,7415869952.0,1525823999
1836,9223.73046875,9374.759765625,9031.6201171875,9325.1796875,7226890240.0,1525910399
1837,9325.9599609375,9396.0400390625,9040.51953125,9043.9404296875,6906699776.0,1525996799
1838,9052.9599609375,9052.9599609375,8394.4599609375,8441.490234375,8488520192.0,1526083199
1839,8441.4404296875,8664.8603515625,8223.5,8504.8896484375,6821380096.0,1526169599
1840,8515.490234375,8773.5498046875,8395.1201171875,8723.9404296875,5866379776.0,1526255999
1841,8713.099609375,8881.1201171875,8367.9697265625,8716.7900390625,7364149760.0,1526342399
1842,8705.1904296875,8836.1904296875,8456.4501953125,8510.3798828125,6705710080.0,1526428799
1843,8504.41015625,8508.4296875,8175.490234375,8368.830078125,6760220160.0,1526515199
1844,8370.0498046875,8445.5400390625,8054.1201171875,8094.31982421875,5862530048.0,1526601599
1845,8091.830078125,8274.1201171875,7974.81982421875,8250.9697265625,5764190208.0,1526687999
1846,8255.73046875,8372.0595703125,8183.35009765625,8247.1796875,4712399872.0,1526774399
1847,8246.990234375,8562.41015625,8205.240234375,8513.25,5191059968.0,1526860799
1848,8522.330078125,8557.51953125,8365.1201171875,8418.990234375,5154990080.0,1526947199
1849,8419.8701171875,8423.25,8004.580078125,8041.77978515625,5137010176.0,1527033599
1850,8037.080078125,8054.66015625,7507.8798828125,7557.81982421875,6491120128.0,1527119999
1851,7561.1201171875,7738.60009765625,7331.14013671875,7587.33984375,6049220096.0,1527206399
1852,7592.2998046875,7659.14013671875,7392.64990234375,7480.14013671875,4867829760.0,1527292799
1853,7486.47998046875,7595.16015625,7349.1201171875,7355.8798828125,4051539968.0,1527379199
1854,7362.080078125,7381.740234375,7270.9599609375,7368.22021484375,4056519936.0,1527465599
1855,7371.31005859375,7419.0498046875,7100.89013671875,7135.990234375,5040600064.0,1527551999
1856,7129.4599609375,7526.419921875,7090.68017578125,7472.58984375,5662660096.0,1527638399
1857,7469.72998046875,7573.77001953125,7313.60009765625,7406.52001953125,4922540032.0,1527724799
1858,7406.14990234375,7608.89990234375,7361.1298828125,7494.169921875,5127130112.0,1527811199
1859,7500.7001953125,7604.72998046875,7407.33984375,7541.4501953125,4921460224.0,1527897599
1860,7536.72021484375,7695.830078125,7497.259765625,7643.4501953125,4939299840.0,1527983999
1861,7632.08984375,7754.89013671875,7613.0400390625,7720.25,4851760128.0,1528070399
1862,7722.52978515625,7753.81982421875,7474.0400390625,7514.47021484375,4993169920.0,1528156799
1863,7500.89990234375,7643.22998046875,7397.0,7633.759765625,4961739776.0,1528243199
1864,7625.97021484375,7680.43017578125,7502.009765625,7653.97998046875,4692259840.0,1528329599
1865,7650.81982421875,7741.27001953125,7650.81982421875,7678.240234375,4485799936.0,1528415999
1866,7685.14013671875,7698.18994140625,7558.39990234375,7624.919921875,4227579904.0,1528502399
1867,7632.52001953125,7683.580078125,7531.97998046875,7531.97998046875,3845220096.0,1528588799
1868,7499.5498046875,7499.5498046875,6709.06982421875,6786.02001953125,5804839936.0,1528675199
1869,6799.2900390625,6910.18017578125,6706.6298828125,6906.919921875,4745269760.0,1528761599
1870,6905.81982421875,6907.9599609375,6542.080078125,6582.35986328125,4654380032.0,1528847999
1871,6596.8798828125,6631.66015625,6285.6298828125,6349.89990234375,5052349952.0,1528934399
1872,6342.75,6707.14013671875,6334.4599609375,6675.35009765625,5138710016.0,1529020799
1873,6674.080078125,6681.080078125,6433.8701171875,6456.580078125,3955389952.0,1529107199
1874,6455.4501953125,6592.490234375,6402.2900390625,6550.16015625,3194170112.0,1529193599
1875,6545.52978515625,6589.10986328125,6499.27001953125,6499.27001953125,3104019968.0,1529279999
1876,6510.06982421875,6781.14013671875,6446.68017578125,6734.81982421875,4039200000.0,1529366399
1877,6742.39013671875,6822.5,6709.919921875,6769.93994140625,4057029888.0,1529452799
1878,6770.759765625,6821.56005859375,6611.8798828125,6776.5498046875,3888640000.0,1529539199
1879,6780.08984375,6810.93994140625,6715.169921875,6729.740234375,3529129984.0,1529625599
1880,6737.8798828125,6747.080078125,6006.60009765625,6083.68994140625,5079810048.0,1529711999
1881,6090.10009765625,6224.81982421875,6071.81005859375,6162.47998046875,3431360000.0,1529798399
1882,6164.27978515625,6223.77978515625,5826.41015625,6173.22998046875,4566909952.0,1529884799
1883,6171.97021484375,6327.3701171875,6119.68017578125,6249.18017578125,5500810240.0,1529971199
1884,6253.5498046875,6290.16015625,6093.669921875,6093.669921875,3279759872.0,1530057599
1885,6084.39990234375,6180.0,6052.85009765625,6157.1298828125,3296219904.0,1530143999
1886,6153.16015625,6170.41015625,5873.0498046875,5903.43994140625,3467800064.0,1530230399
1887,5898.1298828125,6261.66015625,5835.75,6218.2998046875,3966230016.0,1530316799
1888,6214.22021484375,6465.509765625,6214.22021484375,6404.0,4543860224.0,1530403199
1889,6411.68017578125,6432.85009765625,6289.2900390625,6385.81982421875,4788259840.0,1530489599
1890,6380.3798828125,6683.85986328125,6305.7001953125,6614.18017578125,4396930048.0,1530575999
1891,6596.66015625,6671.3701171875,6447.75,6529.58984375,4672309760.0,1530662399
1892,6550.8701171875,6771.919921875,6450.4599609375,6597.5498046875,4176689920.0,1530748799
1893,6599.7099609375,6749.5400390625,6546.64990234375,6639.14013671875,4999240192.0,1530835199
1894,6638.68994140625,6700.93994140625,6533.5498046875,6673.5,4313959936.0,1530921599
1895,6668.7099609375,6863.990234375,6579.240234375,6856.93017578125,3961080064.0,1531007999
1896,6857.7998046875,6885.91015625,6747.97998046875,6773.8798828125,3386210048.0,1531094399
1897,6775.080078125,6838.68017578125,6724.33984375,6741.75,3718129920.0,1531180799
1898,6739.2099609375,6767.740234375,6320.72021484375,6329.9501953125,4052430080.0,1531267199
1899,6330.77001953125,6444.9599609375,6330.47021484375,6394.7099609375,3644859904.0,1531353599
1900,6396.77978515625,6397.10009765625,6136.419921875,6228.81005859375,3770170112.0,1531439999
1901,6235.02978515625,6310.5498046875,6192.240234375,6238.0498046875,3805400064.0,1531526399
1902,6247.5,6298.18994140625,6212.22021484375,6276.1201171875,2923670016.0,1531612799
1903,6272.7001953125,6403.4599609375,6256.509765625,6359.64013671875,3285459968.0,1531699199
1904,6357.009765625,6741.75,6357.009765625,6741.75,4725799936.0,1531785599
1905,6739.64990234375,7387.240234375,6684.169921875,7321.0400390625,5961950208.0,1531871999
1906,7315.31982421875,7534.990234375,7280.47021484375,7370.77978515625,6103410176.0,1531958399
1907,7378.2001953125,7494.4599609375,7295.4599609375,7466.85986328125,5111629824.0,1532044799
1908,7467.39990234375,7594.669921875,7323.259765625,7354.1298828125,4936869888.0,1532131199
1909,7352.72021484375,7437.64013671875,7262.41015625,7419.2900390625,3726609920.0,1532217599
1910,7417.7998046875,7537.9501953125,7383.81982421875,7418.490234375,3695460096.0,1532303999
1911,7414.7099609375,7771.5,7409.10009765625,7711.10986328125,5132480000.0,1532390399
1912,7716.509765625,8424.26953125,7705.5,8424.26953125,7277689856.0,1532476799
1913,8379.66015625,8416.8701171875,8086.35986328125,8181.39013671875,5845400064.0,1532563199
1914,8176.85009765625,8290.330078125,7878.7099609375,7951.580078125,4899089920.0,1532649599
1915,7950.39990234375,8262.66015625,7839.759765625,8165.009765625,5195879936.0,1532735999
1916,8169.06005859375,8222.849609375,8110.77001953125,8192.150390625,3988750080.0,1532822399
1917,8205.8203125,8272.259765625,8141.18017578125,8218.4599609375,4107190016.0,1532908799
1918,8221.58,8235.5,7917.5,8180.48,5551400000.0,1532995199
1919,8181.2,8181.53,7696.93,7780.44,5287530000.0,1533081599
1920,7769.04,7769.04,7504.95,7624.91,4797620000.0,1533167999
1921,7634.19,7712.77,7523.44,7567.15,4214110000.0,1533254399
1922,7562.14,7562.14,7328.65,7434.39,4627150000.0,1533340799
1923,7438.67,7497.49,6984.07,7032.85,4268390000.0,1533427199
1924,7031.08,7102.77,6940.7,7068.48,3679110000.0,1533513599
1925,7062.94,7166.55,6890.54,6951.8,3925900000.0,1533599999
1926,6958.32,7146.56,6748.24,6753.12,4682800000.0,1533686399
1927,6746.85,6746.85,6226.22,6305.8,5064430000.0,1533772799
1928,6305.56,6625.73,6249.07,6568.23,4267040000.0,1533859199
1929,6571.42,6591.26,6124.52,6184.71,4528680000.0,1533945599
1930,6185.79,6455.74,6109.03,6295.73,4047850000.0,1534031999
1931,6283.65,6409.85,6237.5,6322.69,5665250000.0,1534118399
1932,6341.36,6537.05,6225.72,6297.57,4083980000.0,1534204799
1933,6287.66,6287.94,5971.05,6199.71,5301700000.0,1534291199
1934,6221.42,6588.49,6221.42,6308.52,4895450000.0,1534377599
1935,6294.23,6473.5,6276.41,6334.73,4328420000.0,1534463999
1936,6340.91,6582.5,6324.97,6580.63,4992990000.0,1534550399
1937,6583.43,6617.35,6353.73,6423.76,3984520000.0,1534636799
1938,6422.57,6537.98,6361.55,6506.07,3311170000.0,1534723199
1939,6500.51,6536.92,6297.93,6308.53,3665100000.0,1534809599
1940,6301.07,6500.87,6298.24,6488.76,3377180000.0,1534895999
1941,6486.25,6816.79,6310.11,6376.71,4668110000.0,1534982399
1942,6371.34,6546.54,6371.34,6534.88,3426180000.0,1535068799
1943,6551.52,6719.96,6498.64,6719.96,4097820000.0,1535155199
1944,6719.95,6789.63,6700.96,6763.19,3312600000.0,1535241599
1945,6754.64,6774.75,6620.75,6707.26,3295500000.0,1535327999
1946,6710.8,6884.64,6689.71,6884.64,4019000000.0,1535414399
1947,6891.08,7109.56,6882.34,7096.28,4659940000.0,1535500799
1948,7091.71,7113.3,6970.82,7047.16,4145880000.0,1535587199
1949,7043.76,7072.69,6834.69,6978.23,4463250000.0,1535673599
1950,6973.97,7057.17,6920.16,7037.58,4495650000.0,1535759999
1951,7044.81,7242.29,7038.05,7193.25,4116050000.0,1535846399
1952,7189.58,7306.31,7132.16,7272.72,4329540000.0,1535932799
1953,7279.03,7317.94,7208.15,7260.06,4087760000.0,1536019199
1954,7263.0,7388.26,7255.44,7361.66,4273640000.0,1536105599
1955,7361.46,7388.43,6792.83,6792.83,5800460000.0,1536191999
1956,6755.14,6755.14,6404.72,6529.17,5523470000.0,1536278399
1957,6528.92,6555.29,6396.87,6467.07,4264680000.0,1536364799
1958,6460.17,6534.25,6197.52,6225.98,3835060000.0,1536451199
1959,6223.38,6446.26,6201.22,6300.86,3671890000.0,1536537599
1960,6301.57,6374.98,6292.76,6329.7,3714100000.0,1536623999
1961,6331.88,6398.92,6260.21,6321.2,3849910000.0,1536710399
1962,6317.01,6363.87,6265.09,6351.8,4064230000.0,1536796799
1963,6354.24,6535.41,6354.24,6517.31,4210910000.0,1536883199
1964,6515.41,6596.1,6456.17,6512.71,4076220000.0,1536969599
1965,6509.4,6561.72,6493.55,6543.2,3216300000.0,1537055999
1966,6536.68,6544.33,6460.1,6517.18,3273730000.0,1537142399
1967,6514.06,6540.21,6257.52,6281.2,3910780000.0,1537228799
1968,6280.91,6384.18,6265.71,6371.3,4180090000.0,1537315199
1969,6371.85,6448.46,6208.34,6398.54,4431340000.0,1537401599
1970,6398.85,6529.26,6395.95,6519.67,4348110000.0,1537487999
1971,6513.87,6794.33,6496.36,6734.95,6531940000.0,1537574399
1972,6735.05,6814.56,6616.8,6721.98,4509660000.0,1537660799
1973,6715.32,6766.15,6679.42,6710.63,4197500000.0,1537747199
1974,6704.77,6713.56,6580.9,6595.41,4177310000.0,1537833599
1975,6603.64,6603.64,6381.86,6446.47,4726180000.0,1537919999
1976,6452.79,6585.91,6397.89,6495.0,4437300000.0,1538006399
1977,6495.29,6712.1,6464.95,6676.75,4606810000.0,1538092799
1978,6678.75,6785.03,6598.32,6644.13,5014430000.0,1538179199
1979,6643.1,6643.1,6511.65,6601.96,4363690000.0,1538265599
1980,6604.71,6643.78,6566.54,6625.56,4002280000.0,1538351999
1981,6619.85,6653.3,6549.08,6589.62,4000970000.0,1538438399
1982,6593.24,6611.84,6537.9,6556.1,3979260000.0,1538524799
1983,6553.86,6571.46,6454.03,6502.59,3887310000.0,1538611199
1984,6497.91,6603.31,6497.91,6576.69,3838410000.0,1538697599
1985,6574.15,6623.62,6557.41,6622.48,3671500000.0,1538783999
1986,6622.45,6628.54,6577.8,6588.31,3259740000.0,1538870399
1987,6590.68,6641.49,6557.04,6602.95,3306630000.0,1538956799
1988,6600.19,6675.06,6576.04,6652.23,3979460000.0,1539043199
1989,6653.08,6661.41,6606.94,6642.64,3580810000.0,1539129599
1990,6640.29,6640.29,6538.96,6585.53,3787650000.0,1539215999
1991,6586.74,6586.74,6243.74,6256.24,5181640000.0,1539302399
1992,6239.25,6328.5,6236.47,6274.58,3783500000.0,1539388799
1993,6278.08,6308.51,6259.81,6285.99,3064030000.0,1539475199
1994,6288.49,6363.21,6280.15,6290.93,3085320000.0,1539561599
1995,6292.64,6965.06,6258.68,6596.54,7370770000.0,1539647999
1996,6601.41,6673.59,6571.37,6596.11,4074800000.0,1539734399
1997,6590.52,6601.21,6517.45,6544.43,4088420000.0,1539820799
1998,6542.33,6567.54,6450.04,6476.71,3924080000.0,1539907199
1999,6478.07,6493.68,6445.31,6465.41,3578870000.0,1539993599
2000,6460.92,6497.72,6449.0,6489.19,3379130000.0,1540079999
2001,6490.09,6556.38,6476.0,6482.35,3253610000.0,1540166399
2002,6486.05,6543.8,6462.98,6487.16,3672860000.0,1540252799
2003,6472.36,6506.01,6451.27,6475.74,3716150000.0,1540339199
2004,6478.89,6521.99,6468.86,6495.84,3424670000.0,1540425599
2005,6484.65,6504.65,6447.03,6476.29,3230550000.0,1540511999
2006,6468.44,6498.29,6449.61,6474.75,3306050000.0,1540598399
2007,6480.84,6507.41,6453.53,6480.38,3393250000.0,1540684799
2008,6482.66,6502.28,6447.91,6486.39,3445190000.0,1540771199
2009,6492.35,6503.6,6306.99,6332.63,4199910000.0,1540857599
2010,6337.04,6364.99,6310.14,6334.27,3781100000.0,1540943999
2011,6336.99,6349.16,6316.88,6317.61,4191240000.0,1541030399
2012,6318.14,6547.14,6311.83,6377.78,3789400000.0,1541116799
2013,6378.92,6396.86,6327.38,6388.44,4234870000.0,1541203199
2014,6387.24,6400.07,6342.37,6361.26,3658640000.0,1541289599
2015,6365.47,6388.63,6294.57,6376.13,4390020000.0,1541375999
2016,6363.62,6480.59,6363.62,6419.66,4174800000.0,1541462399
2017,6433.38,6463.55,6408.16,6461.01,4700040000.0,1541548799
2018,6468.5,6552.16,6468.31,6530.14,4941260000.0,1541635199
2019,6522.27,6536.92,6438.53,6453.72,4665260000.0,1541721599
2020,6442.6,6456.46,6373.37,6385.62,4346820000.0,1541807999
2021,6386.13,6437.28,6385.31,6409.22,3705320000.0,1541894399
2022,6413.63,6423.25,6350.17,6411.27,3939060000.0,1541980799
2023,6411.76,6434.21,6360.47,6371.27,4295770000.0,1542067199
2024,6373.19,6395.27,6342.67,6359.49,4503800000.0,1542153599
2025,6351.24,6371.55,5544.09,5738.35,7398940000.0,1542239999
2026,5736.15,5774.82,5358.38,5648.03,7032140000.0,1542326399
2027,5645.32,5657.02,5498.94,5575.55,5279320000.0,1542412799
2028,5578.58,5578.58,5519.56,5554.33,4303150000.0,1542499199
2029,5559.74,5653.61,5559.74,5623.54,4159680000.0,1542585599
2030,5620.78,5620.78,4842.91,4871.49,7039560000.0,1542671999
2031,4863.93,4951.61,4272.11,4451.87,8428290000.0,1542758399
2032,4465.54,4675.73,4343.98,4602.17,6120120000.0,1542844799
2033,4611.57,4629.64,4365.64,4365.94,4569370000.0,1542931199
2034,4360.7,4396.42,4195.68,4347.11,4871490000.0,1543017599
2035,4347.69,4413.09,3795.16,3880.76,4679500000.0,1543103999
2036,3880.78,4120.87,3585.06,4009.97,6825640000.0,1543190399
2037,4015.07,4107.14,3643.92,3779.13,6476900000.0,1543276799
2038,3765.95,3862.96,3661.01,3820.72,5998720000.0,1543363199
2039,3822.47,4385.9,3822.47,4257.42,7280280000.0,1543449599
2040,4269.00439453125,4413.02046804,4145.76513671875,4278.84645524,6503347767.18922,1543535999
2041,4289.08896703,4322.97639207,3942.82208559,4017.26845712,6048016716.85497,1543622399
2042,4024.46424203,4309.37731216,3969.71064261,4214.67193177,5375314093.10145,1543708799
2043,4200.73317961,4301.51941165,4110.97847302,4139.8780641,5262697895.12074,1543795199
2044,4147.32376691,4155.97928378,3840.44626837,3894.1309069,5089570993.52304,1543881599
2045,3886.2948763,4075.62765492,3832.74993843,3956.89386975,5028069239.31427,1543967999
2046,3958.89472485,3969.53585216,3753.99482663,3753.99482663,5302481573.52231,1544054399
2047,3754.07446712,3874.96603127,3521.10172384,3521.10172384,5878333109.02888,1544140799
2048,3512.59040851,3512.59040851,3280.22875211,3419.93720035,6835615448.39682,1544227199
2049,3421.9104035,3506.04339159,3350.65070337,3476.11471452,5305024497.06153,1544313599
2050,3473.22762038,3685.30559965,3469.09435766,3614.23427278,4947372847.28064,1544399999
2051,3612.04639531,3647.33258231,3470.14441964,3502.65599577,5020968740.04215,1544486399
2052,3497.5547337,3513.18494093,3392.2500529,3424.58807495,4696765187.87625,1544572799
2053,3421.4583733,3534.22857953,3413.48135271,3486.95014412,4139364828.95223,1544659199
2054,3487.87935755,3489.73939494,3298.13196161,3313.67725772,4343372456.24872,1544745599
2055,3311.75191371,3329.55602092,3206.54229103,3242.48476281,4372763663.29151,1544831999
2056,3243.99754038,3275.37782696,3191.30356157,3236.76164502,3551763561.38039,1544918399
2057,3236.2747733,3305.75310795,3233.81979097,3252.83902595,3744248994.37924,1545004799
2058,3253.12299273,3597.9178885,3253.12299273,3545.86476058,5409247918.11952,1545091199
2059,3544.76156472,3701.34942887,3487.16920219,3696.05912776,5911325472.51183,1545177599
2060,3706.82484989,3949.32295089,3687.23002226,3745.95076478,6810689118.77968,1545263999
2061,3742.19518335,4191.22870639,3728.97463571,4134.44120304,8927129279.04703,1545350399
2062,4133.703587,4198.42957996,3850.94616856,3896.54371704,7206015706.47559,1545436799
2063,3898.08367671,4014.18251388,3855.73893391,4014.18251388,5605823232.54427,1545523199
2064,4020.99467354,4085.72358463,3976.4057328,3998.98034184,6151275489.92045,1545609599
2065,4000.33178206,4271.79245,4000.33178206,4078.59919478,7240968501.10825,1545695999
2066,4081.03047102,4089.56159334,3760.02039224,3815.49060966,6158207293.44091,1545782399
2067,3819.66669066,3893.35973112,3769.86381605,3857.29751969,5326547918.2356,1545868799
2068,3854.68857317,3874.41687968,3645.44843766,3654.83353854,5130222366.47092,1545955199
2069,3653.13192864,3956.13609361,3642.63210325,3923.91859424,5631554348.35522,1546041599
2070,3932.49180904,3963.75880829,3820.40868219,3820.40868219,4991655917.4825,1546127999
2071,3822.38483485,3901.9090157,3797.21912198,3865.95257679,4770578574.97409,1546214399
2072,3866.83899926,3868.74298842,3725.86749335,3742.70033544,4661840806.32313,1546300799
2073,3746.71338747,3850.91376479,3707.23130258,3843.51996727,4324200990.19464,1546387199
2074,3849.21640853,3947.9812729,3817.40949569,3943.40933686,5244856835.70851,1546473599
2075,3931.04863841,3935.68513083,3826.22287069,3836.74131867,4530215218.84018,1546559999
2076,3832.03996811,3865.93453193,3783.8536653,3857.71761887,4847965467.09122,1546646399
2077,3851.97396457,3904.90309592,3836.90012599,3845.19446017,5137609823.75761,1546732799
2078,3836.51915828,4093.29744447,3826.51306238,4076.63268458,5597027439.59745,1546819199
2079,4078.58505461,4092.61343706,4020.89395079,4025.24828708,5228625637.09382,1546905599
2080,4028.47207166,4109.02106516,3996.95525626,4030.84799935,5306593305.06723,1546991999
2081,4031.55201569,4068.40358144,4022.66280883,4035.29636921,5115905224.62691,1547078399
2082,4034.41144545,4064.06655088,3659.17453883,3678.92468128,6874143795.71863,1547164799
2083,3674.01543102,3713.88184691,3653.06980474,3687.3654818,5538712864.65637,1547251199
2084,3686.97309735,3698.9783488,3653.81085703,3661.30098975,4778170882.56059,1547337599
2085,3658.86811698,3674.75998688,3544.92722821,3552.95306759,4681302465.81578,1547423999
2086,3557.31113168,3727.83629128,3552.28515158,3706.05222041,5651384489.83351,1547510399
2087,3704.21630768,3720.15341533,3619.94912664,3630.67522467,5537192301.96239,1547596799
2088,3631.5098712,3685.77705953,3624.67338834,3655.00688578,5394457144.65099,1547683199
2089,3651.87098588,3680.13601133,3621.96099215,3678.56397636,5464420383.38187,1547769599
2090,3677.99058389,3682.52000204,3637.08086521,3657.83943502,5002961726.8303,1547855999
2091,3652.37783507,3758.53352345,3652.37783507,3728.56836493,5955691379.94133,1547942399
2092,3725.44612463,3743.38797121,3583.01948596,3601.0135915,5582489559.53197,1548028799
2093,3600.37273885,3608.84084892,3558.53714829,3576.03243928,5004347059.44597,1548115199
2094,3575.08123989,3620.74655094,3539.72132372,3604.57705248,5313623556.00702,1548201599
2095,3605.55702187,3623.06775216,3565.31403323,3585.12306636,5433755648.65326,1548287999
2096,3584.5003014,3616.08741447,3569.09284671,3600.86550122,5262869046.43655,1548374399
2097,3607.3903841,3612.92766233,3575.59733314,3599.7658879,5265847538.53257,1548460799
2098,3599.7153629,3654.93319305,3593.34583728,3602.46043861,5098183234.66414,1548547199
2099,3604.68726747,3612.67142766,3567.24575778,3583.96576317,5570752966.31456,1548633599
2100,3584.28327917,3586.75087826,3439.23300929,3470.45054223,6908930483.46637,1548719999
2101,3468.87015541,3476.06536415,3400.81972619,3448.11702209,5897159492.96958,1548806399
2102,3443.89706175,3495.1748876,3429.38794807,3486.18175093,5955112626.75721,1548892799
2103,3485.40928952,3504.80488538,3447.91581548,3457.79274724,5831198270.86504,1548979199
2104,3460.54712403,3501.95413455,3431.59149165,3487.94538683,5422926707.35329,1549065599
2105,3484.62588008,3523.28733174,3467.57468262,3521.06078726,5071623600.96582,1549151999
2106,3516.13956776,3521.38822007,3447.92431416,3464.01332586,5043937583.94819,1549238399
2107,3467.2116661,3476.22377768,3442.5869204,3459.15414635,5332718886.30653,1549324799
2108,3454.9508136,3478.14811641,3451.93695191,3466.35743916,5227549544.8948,1549411199
2109,3469.09170088,3469.09170088,3398.56538208,3413.7677183,5482196037.61486,1549497599
2110,3414.92953864,3427.94560955,3394.21860755,3399.47164359,5004962682.80801,1549583999
2111,3401.37643333,3695.61397521,3391.02375248,3666.78035061,7735623101.05035,1549670399
2112,3671.58595682,3679.94151048,3646.55933455,3671.20370545,6158833644.65178,1549756799
2113,3673.20153682,3695.03601276,3640.97995463,3690.18824383,6282256902.9225,1549843199
2114,3695.61303928,3695.61303928,3642.28773261,3648.43062774,6277056433.57185,1549929599
2115,3642.75185939,3668.58683348,3618.55692543,3653.52864497,6480384531.73272,1550015999
2116,3653.60399078,3669.74651062,3617.2464285,3632.07060268,6438903822.53137,1550102399
2117,3631.17019256,3646.25659694,3607.69780014,3616.88097021,6271044417.92334,1550188799
2118,3617.36836687,3647.7950639,3608.20643294,3620.81075285,6091952230.58605,1550275199
2119,3615.27026725,3652.84126709,3615.27026725,3629.78749138,5934744051.69985,1550361599
2120,3633.35947964,3680.53728847,3619.18213016,3673.83629289,7039512502.6247,1550447999
2121,3671.36998898,3936.66500089,3669.98232379,3915.71447331,9908216640.36486,1550534399
2122,3911.66152075,4010.87942178,3908.15296756,3947.09440657,9933626654.81582,1550620799
2123,3946.68498546,4000.48629461,3926.24692473,3999.82050882,8693373948.00982,1550707199
2124,4000.25678662,4010.009483,3940.10818712,3954.1182433,7775128102.44287,1550793599
2125,3952.4063737,4006.53838667,3950.81642747,4005.52660406,7826525254.37879,1550879999
2126,3998.91627262,4166.28616128,3968.72669838,4142.52692999,8922258315.77183,1550966399
2127,4145.45786231,4210.64175454,3793.70900544,3810.42743065,10794227451.2229,1551052799
2128,3807.00244566,3913.70726513,3807.00244566,3882.69629339,9318796066.6747,1551139199
2129,3878.6973183,3891.57896247,3837.98643789,3854.35793575,7931218996.38403,1551225599
